question,answer,source
"Tell me about carrot cultivation","ü•ï **Carrot Cultivation Guide:**

**Climate Requirements:**
‚Ä¢ Temperature: 15-25¬∞C (optimal 20¬∞C)
‚Ä¢ Cool season crop
‚Ä¢ Prefers moderate climate
‚Ä¢ Avoid extreme heat

**Soil Requirements:**
‚Ä¢ Sandy loam or well-drained loamy soil
‚Ä¢ pH: 6.0-7.0 (ideal 6.5)
‚Ä¢ Deep, loose soil (30cm+) for straight root development
‚Ä¢ Avoid heavy clay, stones, or waterlogged soils
‚Ä¢ Good organic matter content

**Water Management:**
‚Ä¢ Regular, consistent watering essential
‚Ä¢ Keep soil evenly moist, not waterlogged
‚Ä¢ Critical in first 2-3 weeks after sowing
‚Ä¢ Reduce watering near harvest
‚Ä¢ Drip irrigation recommended
‚Ä¢ Total water: 400-600mm

**Planting Details:**
‚Ä¢ Season: Rabi (October-November) or year-round in hills
‚Ä¢ Seed rate: 5-6 kg/hectare
‚Ä¢ Spacing: 30cm between rows, 7-10cm between plants
‚Ä¢ Depth: 1-2cm shallow sowing
‚Ä¢ Growing period: 90-120 days
‚Ä¢ Direct seeding preferred

**Fertilizer (per hectare):**
‚Ä¢ Nitrogen: 80-100 kg
‚Ä¢ Phosphorus: 40-60 kg
‚Ä¢ Potassium: 60-90 kg
‚Ä¢ Apply FYM 15-20 tonnes/hectare 2-3 weeks before sowing
‚Ä¢ Split nitrogen application

**Best Practices:**
‚úì Prepare fine, well-pulverized seedbed
‚úì Ensure proper drainage
‚úì Thin seedlings to 7-10cm spacing at 3-4 leaf stage
‚úì Control weeds in first 40-50 days (critical)
‚úì Watch for carrot fly, aphids, and leaf blight
‚úì Harvest when roots reach 2-3cm diameter
‚úì Store at 0-2¬∞C with 95% humidity

**Expected Yield:** 20-25 tonnes/hectare

**Common Issues:**
‚Ä¢ Forked roots: stones, hard soil, excess nitrogen
‚Ä¢ Green shoulders: insufficient soil coverage
‚Ä¢ Cracking: irregular watering",CropGuides
"Tell me about tomato cultivation","üçÖ **Tomato Cultivation Guide:**

**Climate Requirements:**
‚Ä¢ Temperature: 20-30¬∞C (optimal 25¬∞C)
‚Ä¢ Warm season crop
‚Ä¢ Requires full sunlight (6-8 hours)
‚Ä¢ Frost sensitive

**Soil Requirements:**
‚Ä¢ Well-drained loamy to sandy loam soil
‚Ä¢ pH: 6.0-7.0 (ideal 6.5)
‚Ä¢ Rich in organic matter
‚Ä¢ Good drainage essential

**Water Management:**
‚Ä¢ Consistent moisture required
‚Ä¢ Drip irrigation highly recommended
‚Ä¢ Water deeply but infrequently
‚Ä¢ Reduce watering as fruits ripen
‚Ä¢ Avoid overhead watering (disease risk)
‚Ä¢ Total water: 600-800mm

**Planting Details:**
‚Ä¢ Season: Kharif, Rabi, and Summer
‚Ä¢ Nursery: 25-30 days old seedlings
‚Ä¢ Spacing: 60-75cm between rows, 45-60cm between plants
‚Ä¢ Transplanting depth: Up to first true leaves
‚Ä¢ Growing period: 120-150 days
‚Ä¢ Staking required for indeterminate varieties

**Fertilizer (per hectare):**
‚Ä¢ Nitrogen: 100-150 kg
‚Ä¢ Phosphorus: 60-80 kg
‚Ä¢ Potassium: 60-80 kg
‚Ä¢ Apply FYM 20-25 tonnes/hectare
‚Ä¢ Split nitrogen application in 3 doses

**Best Practices:**
‚úì Use disease-resistant hybrid varieties
‚úì Proper staking and pruning
‚úì Remove suckers regularly
‚úì Mulching conserves moisture
‚úì Control early blight, late blight, bacterial wilt
‚úì Watch for fruit borers and whiteflies
‚úì Harvest at breaker to fully ripe stage

**Expected Yield:** 30-50 tonnes/hectare (field), 80-100 tonnes/hectare (greenhouse)

**Common Issues:**
‚Ä¢ Blossom end rot: calcium deficiency, irregular watering
‚Ä¢ Cracking: fluctuating moisture
‚Ä¢ Sunscald: excessive sun exposure on fruits",CropGuides
"Tell me about potato cultivation","ü•î **Potato Cultivation Guide:**

**Climate Requirements:**
‚Ä¢ Temperature: 15-25¬∞C (optimal 20¬∞C)
‚Ä¢ Cool season crop
‚Ä¢ Tuber formation best at 18-20¬∞C
‚Ä¢ Frost damages foliage

**Soil Requirements:**
‚Ä¢ Well-drained sandy loam to loamy soil
‚Ä¢ pH: 5.5-6.5 (slightly acidic preferred)
‚Ä¢ Deep tillage required (20-25cm)
‚Ä¢ Avoid waterlogged and alkaline soils
‚Ä¢ Good organic matter

**Water Management:**
‚Ä¢ Critical at tuber initiation and bulking
‚Ä¢ Light, frequent irrigation initially
‚Ä¢ Heavy irrigation during tuber development
‚Ä¢ Reduce watering 10 days before harvest
‚Ä¢ Total water: 500-750mm
‚Ä¢ 6-8 irrigations typically needed

**Planting Details:**
‚Ä¢ Season: Rabi (October-November) and Kharif (June-July)
‚Ä¢ Seed rate: 25-30 quintals/hectare
‚Ä¢ Spacing: 60cm between rows, 20-25cm between plants
‚Ä¢ Planting depth: 5-7cm
‚Ä¢ Growing period: 90-120 days
‚Ä¢ Use certified seed tubers

**Fertilizer (per hectare):**
‚Ä¢ Nitrogen: 120-150 kg
‚Ä¢ Phosphorus: 60-80 kg
‚Ä¢ Potassium: 100-120 kg
‚Ä¢ Apply FYM 20-25 tonnes/hectare
‚Ä¢ Full P&K at planting, nitrogen in 2-3 splits

**Best Practices:**
‚úì Earthing up at 25-30 and 45-50 days
‚úì Use disease-free certified seed
‚úì Chitting (pre-sprouting) improves emergence
‚úì Control late blight, early blight
‚úì Watch for aphids, potato tuber moth
‚úì Harvest when plants mature (yellowing)
‚úì Cure tubers before storage

**Expected Yield:** 25-35 tonnes/hectare

**Common Issues:**
‚Ä¢ Greening: exposure to light
‚Ä¢ Hollow heart: rapid growth, large tubers
‚Ä¢ Common scab: alkaline soil, dry conditions",CropGuides
"Tell me about rice cultivation","üåæ **Rice (Paddy) Cultivation Guide:**

**Climate Requirements:**
‚Ä¢ Temperature: 20-35¬∞C (ideal 25-30¬∞C)
‚Ä¢ Warm, humid climate
‚Ä¢ Requires high humidity (above 70%)
‚Ä¢ Rainfall: 1000-2000mm annually

**Soil Requirements:**
‚Ä¢ Clay or clay loam soil with good water retention
‚Ä¢ pH: 5.5-7.0 (slightly acidic to neutral)
‚Ä¢ Rich in organic matter
‚Ä¢ Good puddling ability

**Water Management:**
‚Ä¢ Requires continuous flooding (5-10cm depth)
‚Ä¢ Standing water throughout growth
‚Ä¢ Total water: 1200-1500mm
‚Ä¢ Drain field 10-15 days before harvest
‚Ä¢ Critical stages: tillering, panicle initiation, flowering

**Planting Details:**
‚Ä¢ Season: Kharif (June-July), Rabi (November-December)
‚Ä¢ Nursery: 20-25 day old seedlings
‚Ä¢ Seed rate: 30-40 kg/hectare (transplanting), 80-100 kg/hectare (direct seeding)
‚Ä¢ Spacing: 20x15cm or 20x20cm
‚Ä¢ Growing period: 120-150 days
‚Ä¢ 2-3 seedlings per hill

**Fertilizer (per hectare):**
‚Ä¢ Nitrogen: 80-120 kg
‚Ä¢ Phosphorus: 40-60 kg
‚Ä¢ Potassium: 40-60 kg
‚Ä¢ Apply in 2-3 splits
‚Ä¢ Full P&K at planting
‚Ä¢ Zinc sulfate 25 kg/hectare in deficient soils

**Best Practices:**
‚úì Proper land preparation and puddling
‚úì Use certified seeds from reliable sources
‚úì Maintain optimum water level
‚úì Weed control in first 30-40 days critical
‚úì Control blast, bacterial blight, sheath blight
‚úì Watch for stem borers, leaf folders, BPH
‚úì Harvest at 80% grain maturity (golden yellow)

**Expected Yield:** 35-50 quintals/hectare

**Common Issues:**
‚Ä¢ Blast disease: humid conditions
‚Ä¢ Lodging: excess nitrogen, heavy rains
‚Ä¢ Iron toxicity: waterlogged acidic soils",CropGuides
"Tell me about wheat cultivation","üåæ **Wheat Cultivation Guide:**

**Climate Requirements:**
‚Ä¢ Temperature: 10-25¬∞C (optimal 20-22¬∞C)
‚Ä¢ Cool season crop
‚Ä¢ Requires cool winter and warm spring
‚Ä¢ Tolerates light frost

**Soil Requirements:**
‚Ä¢ Well-drained loamy to clay loam soil
‚Ä¢ pH: 6.0-7.5 (neutral preferred)
‚Ä¢ Good moisture retention
‚Ä¢ Avoid waterlogged soils

**Water Management:**
‚Ä¢ 4-6 irrigations typically needed
‚Ä¢ Critical stages: CRI (crown root initiation), tillering, flowering, grain filling
‚Ä¢ Light irrigation at sowing if soil dry
‚Ä¢ Avoid waterlogging
‚Ä¢ Total water: 450-650mm

**Planting Details:**
‚Ä¢ Season: Rabi (November-December)
‚Ä¢ Seed rate: 100-125 kg/hectare (normal), 125-150 kg/hectare (late sowing)
‚Ä¢ Spacing: 20-23cm between rows
‚Ä¢ Depth: 5-6cm
‚Ä¢ Growing period: 120-150 days
‚Ä¢ Line sowing preferred

**Fertilizer (per hectare):**
‚Ä¢ Nitrogen: 120-150 kg
‚Ä¢ Phosphorus: 60-80 kg
‚Ä¢ Potassium: 40-60 kg
‚Ä¢ Apply full P&K at sowing
‚Ä¢ Nitrogen in 2-3 splits (basal, CRI, tillering)

**Best Practices:**
‚úì Timely sowing critical (November)
‚úì Use certified, disease-resistant varieties
‚úì Proper seed treatment before sowing
‚úì Control rust, powdery mildew, loose smut
‚úì Watch for aphids, termites
‚úì Weed control in first 30-40 days
‚úì Harvest at physiological maturity

**Expected Yield:** 40-50 quintals/hectare

**Common Issues:**
‚Ä¢ Lodging: excess nitrogen, late sowing
‚Ä¢ Rust diseases: humid conditions
‚Ä¢ Low yield: late sowing, poor weed control",CropGuides
"Tell me about onion cultivation","üßÖ **Onion Cultivation Guide:**

**Climate Requirements:**
‚Ä¢ Temperature: 13-25¬∞C (optimal 20¬∞C)
‚Ä¢ Cool season crop for vegetative growth
‚Ä¢ Warmer temperatures for bulb formation
‚Ä¢ Long day variety for India

**Soil Requirements:**
‚Ä¢ Well-drained loamy to sandy loam soil
‚Ä¢ pH: 6.0-7.0 (ideal 6.5)
‚Ä¢ Good fertility and organic matter
‚Ä¢ Avoid heavy clay soils

**Water Management:**
‚Ä¢ Frequent light irrigation required
‚Ä¢ Critical at bulb formation stage
‚Ä¢ Stop irrigation 10-15 days before harvest
‚Ä¢ Drip irrigation ideal
‚Ä¢ Total water: 600-800mm

**Planting Details:**
‚Ä¢ Season: Kharif, Rabi (main season)
‚Ä¢ Nursery: 45-50 day old seedlings
‚Ä¢ Seed rate: 8-10 kg/hectare
‚Ä¢ Spacing: 15cm between rows, 10cm between plants
‚Ä¢ Growing period: 120-150 days
‚Ä¢ Transplanting depth: 2-3cm

**Fertilizer (per hectare):**
‚Ä¢ Nitrogen: 100-120 kg
‚Ä¢ Phosphorus: 50-60 kg
‚Ä¢ Potassium: 60-80 kg
‚Ä¢ Apply FYM 20-25 tonnes/hectare
‚Ä¢ Nitrogen in 2-3 splits

**Best Practices:**
‚úì Use high-quality transplants
‚úì Proper weed control essential
‚úì Earthing up after 40-45 days
‚úì Control purple blotch, stemphylium blight
‚úì Watch for thrips, onion maggot
‚úì Harvest when tops fall and dry
‚úì Cure bulbs properly before storage

**Expected Yield:** 25-35 tonnes/hectare

**Common Issues:**
‚Ä¢ Bolting: temperature fluctuations
‚Ä¢ Thick necks: excess nitrogen, improper harvesting
‚Ä¢ Purple blotch: humid conditions",CropGuides
"Tell me about corn cultivation","üåΩ **Corn (Maize) Cultivation Guide:**

**Climate Requirements:**
‚Ä¢ Temperature: 18-30¬∞C (optimal 25-28¬∞C)
‚Ä¢ Warm season crop
‚Ä¢ Requires full sunlight
‚Ä¢ Frost sensitive

**Soil Requirements:**
‚Ä¢ Well-drained loamy to clay loam soil
‚Ä¢ pH: 5.5-7.5 (ideal 6.5)
‚Ä¢ Deep, fertile soil
‚Ä¢ Good organic matter content

**Water Management:**
‚Ä¢ Critical at tasseling and silking stages
‚Ä¢ 4-6 irrigations typically needed
‚Ä¢ Sensitive to waterlogging
‚Ä¢ Total water: 500-800mm
‚Ä¢ Drip irrigation beneficial

**Planting Details:**
‚Ä¢ Season: Kharif (June-July), Rabi (October-November)
‚Ä¢ Seed rate: 20-25 kg/hectare
‚Ä¢ Spacing: 60-75cm between rows, 20-25cm between plants
‚Ä¢ Depth: 5-6cm
‚Ä¢ Growing period: 90-120 days
‚Ä¢ Direct seeding

**Fertilizer (per hectare):**
‚Ä¢ Nitrogen: 120-150 kg
‚Ä¢ Phosphorus: 60-80 kg
‚Ä¢ Potassium: 40-60 kg
‚Ä¢ Apply in 2-3 splits
‚Ä¢ High nitrogen requirement

**Best Practices:**
‚úì Use high-yielding hybrid varieties
‚úì Proper spacing for good yields
‚úì Weed control in first 30-40 days
‚úì Control blight, rust, downy mildew
‚úì Watch for stem borer, fall armyworm
‚úì Harvest at physiological maturity
‚úì Proper drying before storage

**Expected Yield:** 40-60 quintals/hectare

**Common Issues:**
‚Ä¢ Poor pollination: water stress at tasseling
‚Ä¢ Lodging: excess nitrogen, high plant density
‚Ä¢ Ear rot: high humidity at maturity",CropGuides
"Tell me about cabbage cultivation","ü•¨ **Cabbage Cultivation Guide:**

**Climate Requirements:**
‚Ä¢ Temperature: 15-25¬∞C (optimal 20¬∞C)
‚Ä¢ Cool season crop
‚Ä¢ Tolerates light frost
‚Ä¢ Requires cool weather for head formation

**Soil Requirements:**
‚Ä¢ Well-drained loamy soil
‚Ä¢ pH: 6.0-7.5 (ideal 6.5)
‚Ä¢ High organic matter content
‚Ä¢ Good moisture retention

**Water Management:**
‚Ä¢ Regular, consistent watering
‚Ä¢ Critical during head formation
‚Ä¢ Avoid water stress
‚Ä¢ Drip irrigation recommended
‚Ä¢ Total water: 600-800mm

**Planting Details:**
‚Ä¢ Season: Rabi (September-October)
‚Ä¢ Nursery: 25-30 day old seedlings
‚Ä¢ Spacing: 45-60cm between rows, 45cm between plants
‚Ä¢ Transplanting depth: Up to first leaves
‚Ä¢ Growing period: 90-120 days

**Fertilizer (per hectare):**
‚Ä¢ Nitrogen: 150-180 kg
‚Ä¢ Phosphorus: 60-80 kg
‚Ä¢ Potassium: 80-100 kg
‚Ä¢ Apply FYM 25-30 tonnes/hectare
‚Ä¢ Nitrogen in 3 splits

**Best Practices:**
‚úì Use disease-resistant varieties
‚úì Proper spacing for head development
‚úì Weed control throughout growing period
‚úì Control black rot, downy mildew
‚úì Watch for diamond back moth, aphids
‚úì Harvest when heads are firm and compact

**Expected Yield:** 30-40 tonnes/hectare",CropGuides
