question,answer
Tell me about carrot,carrot
What is carrot,carrot
Information on carrot,carrot
Describe carrot,carrot
Tell me about tomato,tomato
What is tomato,tomato
How to grow tomatoes,tomato
Information on tomato,tomato
Tell me about potato,potato
What is potato,potato
Information on potato,potato
Tell me about onion,onion
What is onion,onion
Information on onion,onion
Tell me about wheat,wheat
What is wheat,wheat
Information on wheat,wheat
How to grow wheat,wheat
Tell me about rice,rice
What is rice,rice
Information on rice,rice
How to plant rice,rice
Tell me about corn,corn
What is corn,corn
Information on corn,corn
How to grow corn,corn
Tell me about soybean,soybean
What is soybean,soybean
Information on soybean,soybean
Tell me about beans,beans
What is beans,beans
Information on beans,beans
Tell me about peas,peas
What is peas,peas
Information on peas,peas
Tell me about lentils,lentils
What is lentils,lentils
Information on lentils,lentils
Tell me about chickpeas,chickpeas
What is chickpeas,chickpeas
Information on chickpeas,chickpeas
Tell me about barley,barley
What is barley,barley
Information on barley,barley
Tell me about oats,oats
What is oats,oats
Information on oats,oats
Tell me about millet,millet
What is millet,millet
Information on millet,millet
Tell me about sorghum,sorghum
What is sorghum,sorghum
Information on sorghum,sorghum
Tell me about cotton,cotton
What is cotton,cotton
Information on cotton,cotton
How to control pests on cotton,cotton
Tell me about sugarcane,sugarcane
What is sugarcane,sugarcane
Information on sugarcane,sugarcane
Tell me about cabbage,cabbage
What is cabbage,cabbage
Information on cabbage,cabbage
Tell me about cauliflower,cauliflower
What is cauliflower,cauliflower
Information on cauliflower,cauliflower
Tell me about broccoli,broccoli
What is broccoli,broccoli
Information on broccoli,broccoli
Tell me about spinach,spinach
What is spinach,spinach
Information on spinach,spinach
Tell me about lettuce,lettuce
What is lettuce,lettuce
Information on lettuce,lettuce
Tell me about cucumber,cucumber
What is cucumber,cucumber
Information on cucumber,cucumber
Tell me about pumpkin,pumpkin
What is pumpkin,pumpkin
Information on pumpkin,pumpkin
Tell me about watermelon,watermelon
What is watermelon,watermelon
Information on watermelon,watermelon
Tell me about eggplant,eggplant
What is eggplant,eggplant
Information on eggplant,eggplant
Tell me about pepper,pepper
What is pepper,pepper
Information on pepper,pepper
Tell me about chili,chili
What is chili,chili
Information on chili,chili
Tell me about garlic,garlic
What is garlic,garlic
Information on garlic,garlic
Tell me about ginger,ginger
What is ginger,ginger
Information on ginger,ginger
Tell me about turmeric,turmeric
What is turmeric,turmeric
Information on turmeric,turmeric
Tell me about groundnut,groundnut
What is groundnut,groundnut
Information on groundnut,groundnut
Tell me about sunflower,sunflower
What is sunflower,sunflower
Information on sunflower,sunflower
Tell me about mustard,mustard
What is mustard,mustard
Information on mustard,mustard
Tell me about rapeseed,rapeseed
What is rapeseed,rapeseed
Information on rapeseed,rapeseed
Tell me about sesame,sesame
What is sesame,sesame
Information on sesame,sesame
Tell me about strawberry,strawberry
What is strawberry,strawberry
Information on strawberry,strawberry
Tell me about banana,banana
What is banana,banana
Information on banana,banana
Tell me about mango,mango
What is mango,mango
Information on mango,mango
Tell me about apple,apple
What is apple,apple
Information on apple,apple
Tell me about orange,orange
What is orange,orange
Information on orange,orange
Tell me about grapes,grapes
What is grapes,grapes
Information on grapes,grapes
Tell me about papaya,papaya
What is papaya,papaya
Information on papaya,papaya
Tell me about guava,guava
What is guava,guava
Information on guava,guava
Tell me about pomegranate,pomegranate
What is pomegranate,pomegranate
Information on pomegranate,pomegranate
Tell me about radish,radish
What is radish,radish
Information on radish,radish
Tell me about beetroot,beetroot
What is beetroot,beetroot
Information on beetroot,beetroot
